{"cameraMode":{"drawMode":0,"name":"Shaded","section":"Shading Mode"},"sceneLighting":true,"audioPlay":false,"sceneViewState":{"m_AlwaysRefresh":false,"showFog":true,"showSkybox":true,"showFlares":true,"showImageEffects":true,"showParticleSystems":true,"showVisualEffectGraphs":true,"m_FxEnabled":true},"in2DMode":false,"pivot":{"x":30.915061950683595,"y":-22.969987869262697,"z":27.19770622253418},"rotation":{"x":-0.32546064257621767,"y":-0.25861379504203799,"z":0.09306782484054566,"w":-0.9047836065292358},"size":23.583663940429689,"orthographic":false}